Region;Dev_projRD;Dev_1disemb;Dev_2disemb;Dev_emb;Dev_specialist;Dev_other;RDshareVPR;HtechshareVPR;DFI_shareVPR;NetDFI_shareVPR;Coninew;Conexpnew;Connewcountry;ShareRD_InnProd;Share RD_TotalRD;Share_OTI;ShareFI_Exp;ShareSup_Exp;Patent;Internet;ExpNew_outCIS;ShareVRP_perCapita
14   Белгородская область 1618;0,2435800;0,0000000;0,0000000;0,2387040;0,0000000;0,0881984;1,9466667;10,7666667;2,2165188;-2,2515674;0,0208103;0,0095766;0,0252867;0,108730991;0,011973893;11,4174169;0,0000000;0,0162887;105,9000000;88,3666667;0,0126523;1,015018224
15   Брянская область 1618;0,5578790;0,0000000;0,4101158;0,3006839;0,0000000;0,0000000;0,2433333;19,7333333;0,1880886;0,0487322;0,0044665;0,0002382;0,0040469;0,142699324;0,00158084;5,7667255;0,0000000;0,0000108;45,8333333;87,1000000;0,0000203;0,44653065
17   Владимирская область 1618;1,3099585;0,0000000;0,0000000;0,6252304;0,0000000;0,1138562;0,3300000;24,7000000;4,0345867;-0,5451010;0,0047510;0,0019834;0,0068795;0,230899539;0,007009873;8,3671962;0,0097097;0,0266990;161,2666667;89,7000000;0,0022632;0,579015028
20   Воронежская область 1618;0,4298202;0,0000000;0,0000000;0,4582220;0,5468711;0,0000000;1,2000000;19,3000000;1,4378051;-0,7299880;0,0082957;0,0027086;0,0080880;0,229826649;0,010073283;8,9276552;0,0000000;0,0378374;199,9666667;86,6333333;0,0040893;0,632577879
24   Ивановская область 1618;0,0000000;0,0000000;0,0000000;0,0000000;0,0000000;0,0000000;0,8600000;22,6000000;1,8145841;1,6409154;0,0001255;0,0000000;0,0001242;0,505125612;0,000154052;3,5182701;0,0000000;0,1175147;268,7000000;86,1333333;0,0000000;0,38227384
29   Калужская область 1618;1,3312553;0,0000000;1,0105648;0,9658851;2,8610693;0,0000000;0,3400000;36,1666667;18,9585281;2,9290079;0,0039192;0,0023083;0,0041264;0,251142764;0,006226773;8,1476611;0,0000000;0,0000000;148,5666667;86,2000000;0,0033778;0,750617025
34   Костромская область 1618;0,0000000;0,0000000;0,0000000;0,1552179;0,0000000;0,0000000;1,8266667;18,5000000;8,9913962;3,2626888;0,0006459;0,0000297;0,0007624;0,024043571;7,34438E-05;4,4751397;0,0000000;0,3316510;64,3000000;77,1333333;0,0000000;0,558959987
38   Курская область 1618;0,0000000;0,0000000;0,0000000;0,0554640;0,0000000;0,0000000;0,0866667;17,6666667;1,1446536;0,8351443;0,0015953;0,0000593;0,0021886;0,187362644;0,001589638;4,5591645;0,0000000;0,0431519;243,8666667;77,9666667;0,0000603;0,642089113
42   Липецкая область 1618;0,6418308;15,8259736;0,0000000;0,6234225;0,0000000;0,0000000;1,1800000;12,0000000;26,0869624;6,7455850;0,0091571;0,0083636;0,0077838;0,012373906;0,001184125;15,1521036;0,0507580;0,0000000;39,3333333;91,3666667;0,0120251;0,766736098
46   Московская область 1618;2,0839178;1,5226355;0,1446129;0,9547953;0,2013691;0,5289166;0,0733333;22,6333333;14,1257324;1,0238163;0,0850427;0,1649605;0,0778858;0,30226934;0,16027138;7,7498676;0,0363405;0,0000000;218,4666667;86,0333333;0,0765653;0,969138522
54   Орловская область 1618;0,0425107;0,0000000;0,0000000;3,1261520;0,0000000;0,0000000;3,0200000;18,6000000;0,4941635;-0,0842662;0,0001852;0,0000346;0,0002936;0,054862427;0,000101506;5,3627243;0,1680641;0,0000000;87,0000000;84,2000000;0,0000074;0,52520389
61   Рязанская область 1618;0,2536703;4,1371609;0,0920737;0,3167009;0,4401645;0,0000000;0,3400000;23,3333333;1,8590623;0,0940549;0,0035392;0,0040050;0,0039126;0,077422323;0,002311004;8,0142983;0,0035033;0,0000165;116,6333333;86,3666667;0,0044791;0,602808372
66   Смоленская область 1618;0,2072002;0,0000000;0,0000000;0,8722542;0,0000000;0,2319292;0,5200000;21,6333333;4,8142531;0,9556802;0,0012891;0,0000036;0,0024664;0,147982995;0,001144637;5,9413945;0,0027172;0,0000000;37,8333333;86,6000000;0,0000001;0,588504514
68   Тамбовская область 1618;0,1736521;0,0000000;0,0000000;0,7210318;0,0000000;0,0000000;0,5466667;16,6000000;0,5975866;0,2283679;0,0046546;0,0000020;0,0056464;0,031701723;0,000667375;8,8778464;0,0000000;0,1150149;85,1000000;92,9000000;0,0000000;0,513725258
28   Тверская область 1618;0,3358810;0,0000000;0,2350818;0,7043795;0,0000000;0,0000000;0,4000000;21,9666667;1,2072492;-0,5282539;0,0046624;0,0002537;0,0050420;0,164148103;0,00340584;7,9294204;0,0000000;0,0068942;102,7666667;78,6666667;0,0000495;0,594255532
70   Тульская область 1618;0,3211561;0,0000000;0,0000000;0,1694733;0,0000000;1,2524179;1,1700000;24,5666667;8,2309962;0,4645506;0,0074840;0,0053531;0,0079657;0,176699422;0,021287944;9,1823183;0,0000000;0,0032757;105,2000000;83,7333333;0,0061006;0,576062709
78   Ярославская область 1618;0,8413983;0,0000000;0,0920737;1,4535623;0,0000000;3,9710811;1,0633333;27,4000000;2,9796526;0,7011600;0,0121451;0,0194103;0,0078920;0,052186835;0,002687501;7,6858782;0,0000000;0,0232768;123,9000000;89,7333333;0,0270648;0,720519782
45   г. Москва 1618;1,1807471;1,6525352;4,4788027;1,3113727;9,2722931;0,6190111;1,3800000;21,6333333;28,9152347;3,6915977;0,1825629;0,1541442;0,1393465;0,472834157;0,251106745;14,6397176;0,0032009;0,0005776;439,6666667;95,1666667;0,1488505;2,681180157
86   Республика Карелия 1618;4,7925191;0,0000000;0,0000000;1,7345102;0,0000000;14,5356379;1,6733333;15,9333333;6,8500349;-0,0222035;0,0001891;0,0000185;0,0002267;0,387695432;0,000312781;4,6258311;0,0138062;0,0000000;53,4333333;88,3666667;0,0000030;0,730469659
87   Республика Коми 1618;0,7935326;0,5374964;0,1674067;0,2617132;0,0000000;0,0000000;0,3933333;11,7000000;4,4993064;1,1894473;0,0035474;0,0089637;0,0009816;0,008498551;7,21875E-05;4,0409532;0,0000000;0,0000000;53,4666667;89,1000000;0,0113628;1,522716898
11   Архангельская область 1618;0,0000000;0,0000000;0,0000000;0,1109280;0,0000000;0,8539213;0,3833333;18,5333333;2,1871834;-0,2976971;0,0070024;0,0004219;0,0204764;0,036625717;0,000815288;3,7693733;0,0000000;0,0000000;60,6000000;82,8666667;0,0005214;1,1346537
19   Вологодская область 1618;0,0410448;0,0000000;0,2644167;0,0426646;0,0000000;0,0000000;0,0133333;18,4000000;53,5275694;-1,7027272;0,0066484;0,0064876;0,0064586;0,020963545;0,000552868;4,8649309;0,0657717;0,0000000;56,5000000;85,1666667;0,0047483;0,841576439
27   Калининградская область 1618;0,7245297;0,0000000;0,0000000;0,0000000;0,0000000;0,9887510;0,3300000;22,8666667;3,1066211;0,4665709;0,0003285;0,0005156;0,0003351;0,078589243;0,000135941;3,8600471;0,0725888;0,0000000;59,7333333;88,7333333;0,0006700;0,797815566
41   Ленинградская область 1618;0,4523136;5,7391221;0,3387993;0,2310302;0,0000000;0,0000000;0,0966667;16,9000000;33,7661643;2,9398515;0,0046141;0,0023309;0,0058065;0,055229858;0,001766534;7,1240659;0,0028166;0,0000000;28,7000000;92,3666667;0,0026068;1,08441667
47   Мурманская область 1618;0,0793533;0,0000000;0,0000000;0,0000000;0,0000000;0,0000000;0,2900000;16,9333333;4,1646757;-1,2160127;0,0006739;0,0003957;0,0006062;0,158880175;0,000479849;6,1951751;0,0000000;0,0000000;40,5000000;87,0000000;0,0003725;1,066298084
49   Новгородская область 1618;0,2267236;0,0000000;0,0000000;0,0652518;0,0000000;0,2912600;0,6900000;27,0333333;7,6681127;1,1870750;0,0010451;0,0000204;0,0015145;0,276759449;0,001518673;7,8978817;0,0000000;0,0000000;81,5666667;85,0666667;0,0000267;0,767961557
58   Псковская область 1618;0,2550640;0,0000000;0,5524421;0,0528229;0,0000000;0,0000000;0,5366667;20,0333333;0,8246778;-0,1701796;0,0003424;0,0000702;0,0005050;0,064797625;0,000179318;6,8027361;0,0000000;0,0000000;44,3666667;86,6000000;0,0000470;0,475076584
40   г. Санкт-Петербург 1618;1,3783120;1,4715135;1,3926220;0,9459184;0,0000000;0,0000000;0,8566667;31,1333333;10,8186891;-0,6989234;0,0913775;0,0281251;0,1060613;0,206021047;0,100423131;14,0503678;0,0582250;0,0014558;299,0000000;92,9666667;0,0216291;1,323941838
79   Республика Адыгея (Адыгея) 1618;0,0000000;0,0000000;0,0000000;1,9412396;0,0000000;0,0000000;0,2433333;16,2000000;3,5817314;0,2642605;0,0014924;0,0000892;0,0012102;6,25773E-05;4,19587E-07;3,8080612;0,0000000;0,0000000;19,6333333;88,9333333;0,0001120;0,411524885
85   Республика Калмыкия 1618;0,0000000;0,0000000;0,0000000;0,0000000;0,0546871;0,8109512;0,4766667;13,4000000;0,1215632;0,1214897;0,0000421;0,0000000;0,0000407;0,001591567;1,18277E-07;3,1178288;0,0000000;0,0000000;74,4333333;75,8666667;0,0000000;0,333783344
03   Краснодарский край 1618;0,3236869;0,0000000;0,0476762;0,2014611;0,0000000;0,0000000;0,4133333;14,2000000;4,0726899;0,7168992;0,0310874;0,0056476;0,0483682;0,015958029;0,002739308;7,5680494;0,0002933;0,0060482;93,2333333;84,2333333;0,0069513;0,760256952
12   Астраханская область 1618;0,0330639;0,0000000;0,0000000;0,2165737;0,0000000;0,0000000;0,2633333;10,5000000;1,9482176;0,8692468;0,0021967;0,0000000;0,0018547;0,033166464;0,000225062;6,9751692;0,0000216;0,0000000;72,1000000;86,3000000;0,0000000;0,55776533
18   Волгоградская область 1618;0,2116191;0,0000000;9,4475607;4,7062180;0,1164306;0,4459804;0,1166667;18,4666667;2,2269079;-0,4519130;0,0068578;0,0008512;0,0089633;0,099184389;0,003378123;4,8996175;0,0000000;0,1905381;103,7333333;73,8666667;0,0004276;0,626032034
60   Ростовская область 1618;1,2856508;0,0000000;0,1592767;0,6542230;0,0000000;0,0000000;0,4466667;21,1666667;1,4618925;-0,1630971;0,0274216;0,0846900;0,0179388;0,138426773;0,017197216;7,2698441;0,0096724;0,0000851;124,7666667;81,5333333;0,0883329;0,57257328
82   Республика Дагестан 1618;0,0000000;0,0000000;0,0000000;0,0000000;0,2050767;0,5218408;0,2566667;13,3000000;0,0227341;-0,0037761;0,0001815;0,0000000;0,0001644;0,120053384;7,2321E-05;1,4480141;0,0000000;0,0000000;43,3333333;64,8666667;0,0000000;0,360474879
26   Республика Ингушетия 1618;0,0000000;0,0000000;0,0000000;0,0000000;0,0000000;0,0000000;0,1666667;23,8000000;0,0037504;0,0024833;0,0000000;0,0000000;0,0000008;0;0;4,4720653;0,0000000;0,0000000;3,9666667;93,5333333;0,0000000;0,209657594
83   Кабардино-Балкарская Республика 1618;1,1902989;0,0000000;0,0000000;0,0000000;0,0000000;0,0000000;0,1466667;18,8666667;0,0173787;-0,0771299;0,0001342;0,0000000;0,0001557;0,046542686;2,49758E-05;3,9333922;0,0000000;0,0000000;71,9333333;81,8666667;0,0000000;0,342727325
91   Карачаево-Черкесская Республика 1618;0,0000000;0,0000000;0,0000000;0,0000000;0,0000000;0,0000000;0,4433333;18,8000000;0,0195240;0,0157366;0,0000000;0,0000000;0,0000607;0;0;2,1733745;0,0000000;0,0000000;17,1666667;83,3000000;0,0000000;0,343190062
90   Республика Северная Осетия - Алания 1618;0,0000000;0,0000000;0,0000000;0,0000000;0,0000000;0,0000000;0,6766667;20,2000000;0,0342877;0,0076087;0,0000278;0,0000000;0,0000267;0,141559175;1,1418E-05;4,1533981;0,0002375;0,0000000;118,2333333;81,2000000;0,0000000;0,392167648
96   Чеченская Республика 1618;3,5708966;0,0000000;0,0000000;0,0000000;0,0000000;0,0000000;0,2766667;22,8333333;0,1139889;0,1067760;0,0000072;0,0000000;0,0000165;0,561367493;5,36772E-05;0,2413357;0,0000000;0,0000000;14,1666667;81,3000000;0,0000000;0,215774641
07   Ставропольский край 1618;0,7487364;0,0000000;0,1227649;0,6239699;0,0000000;0,0000000;0,1400000;24,2000000;3,1049676;-0,7419423;0,0055785;0,0202669;0,0024570;0,120353236;0,000837766;4,4027067;0,0000000;0,0000000;53,2000000;90,9666667;0,0252867;0,44776714
80   Республика Башкортостан 1618;0,5779472;0,0000000;0,0846655;0,1771425;0,0000000;0,2734474;1,4033333;23,4666667;0,8681458;-0,2211843;0,0413842;0,0891566;0,0267744;0,064424941;0,009251359;6,2360694;0,0007702;0,1087434;149,3333333;87,0333333;0,0917573;0,748994225
88   Республика Марий Эл 1618;0,0850214;0,0000000;0,0000000;0,8979884;0,0000000;0,0000000;0,6433333;26,5666667;0,1247279;0,0820330;0,0027780;0,0001254;0,0044777;0,00799719;0,00019098;5,0844954;0,0000000;0,0000000;127,3000000;79,5333333;0,0001223;0,458528308
89   Республика Мордовия 1618;1,7193206;0,0000000;0,0818433;0,3660623;0,0000000;18,7862683;0,1233333;21,3666667;0,1572325;-0,0526104;0,0076865;0,0040694;0,0077946;0,139781764;0,002010215;11,2947632;0,0000232;0,0032371;64,8666667;80,9000000;0,0042718;0,467229281
92   Республика Татарстан (Татарстан) 1618;2,5320051;0,6047553;0,4981671;0,5214057;0,0000000;0,0000000;0,4066667;19,5000000;2,0223639;0,9375658;0,0515669;0,0115058;0,0574323;0,976978485;0,048190276;17,3907914;0,0012964;0,0061084;176,2000000;91,0333333;0,0100505;1,055851973
94   Удмуртская Республика 1618;0,3249793;0,0000000;0,0783606;0,7673512;1,9198665;0,0000000;0,7100000;20,2666667;3,1070502;0,6040225;0,0080832;0,0000866;0,0078975;0,276729433;0,003223898;6,1005001;0,0000000;0,0049529;78,0666667;81,7666667;0,0001025;0,694799998
97   Чувашская Республика -Чувашия 1618;0,1473276;0,0000000;9,5549920;1,1175942;0,0000000;0,0000000;0,3000000;31,7666667;1,3662375;-0,1757220;0,0063303;0,0008022;0,0069926;0,11527279;0,003424768;19,9783760;0,0000000;0,0000000;83,6000000;88,8333333;0,0001068;0,484950074
57   Пермский край 1618;0,8451003;2,8879413;0,3985181;1,3665876;0,2343733;4,4116320;0,6866667;28,8333333;6,7291949;0,4430475;0,0269440;0,0965064;0,0167670;0,341740956;0,019389851;6,0916152;0,0000000;0,0017388;122,8000000;86,7000000;0,1088553;0,945568958
33   Кировская область 1618;0,9426668;0,0000000;0,2350818;0,6426098;1,0253832;0,1423202;1,1933333;27,0666667;1,0168940;0,2330983;0,0021410;0,0039989;0,0022077;0,074490174;0,002437032;7,4538394;0,0000000;0,0110385;68,8666667;85,4333333;0,0043155;0,466186101
22   Нижегородская область 1618;1,6788606;1,0131823;0,9458479;0,9928512;0,0000000;0,8289074;0,6133333;31,1666667;3,5604119;0,1465330;0,0675169;0,0384292;0,0770367;0,599493119;0,089697282;10,6258900;0,0001268;0,0002770;113,9333333;91,4666667;0,0371498;0,738164347
53   Оренбургская область 1618;0,3797011;0,0000000;0,1315338;0,4344224;0,0000000;2,6529049;6,1266667;10,7333333;0,4843425;0,1781305;0,0058562;0,0005522;0,0062881;0,078210756;0,002552037;4,6626949;0,0000000;0,0001569;54,1000000;93,2000000;0,0003604;0,868214051
56   Пензенская область 1618;0,0872457;0,0000000;0,0000000;1,5668888;5,8529983;0,1662502;0,1033333;21,8666667;1,1002000;0,6901915;0,0051756;0,0030853;0,0056239;0,104472392;0,005342895;15,1445425;0,0000000;0,0000000;97,0666667;83,2333333;0,0037432;0,486151356
36   Самарская область 1618;1,8862563;0,8111226;1,6192913;0,5765887;0,0000000;0,7515696;1,2866667;24,9333333;2,7843442;-0,1964783;0,0533782;0,0255337;0,0570759;7,983724544;0,020907896;4,7902913;0,0000103;0,0105651;137,4000000;73,6666667;0,0292055;0,824417115
63   Саратовская область 1618;0,3719684;0,0000000;0,0000000;0,4245153;0,0000000;0,0000000;0,9733333;24,8333333;0,9544108;0,2617428;0,0030732;0,0002073;0,0033778;0,386787091;0,005375807;5,0774051;0,0000000;0,0000000;84,6333333;74,0333333;0,0000000;0,550511482
73   Ульяновская область 1618;2,0621231;0,0000000;0,2889697;1,5332237;0,0000000;5,2368730;0,6600000;34,3000000;3,7814749;0,6138223;0,0041172;0,0026558;0,0037301;0,063147596;0,003745915;4,1413945;0,0000000;0,0160884;131,5000000;83,5000000;0,0025264;0,536223179
37   Курганская область 1618;1,3578984;0,0000000;0,1473179;0,6979930;0,0000000;0,0000000;0,6266667;26,2000000;0,1376407;-0,1186701;0,0009191;0,0000554;0,0012732;0,063198903;0,00054713;5,2591939;0,0030700;0,0000000;59,3666667;71,3333333;0,0000374;0,478285728
65   Свердловская область 1618;0,5390549;2,4692814;0,4216516;1,8495519;0,0000000;0,6109490;0,1733333;21,7333333;6,7396806;3,7537676;0,0373464;0,0638668;0,0379328;0,30584874;0,019477004;8,8058841;0,0003589;0,0091449;112,3333333;87,6666667;0,0782436;0,951592619
71   Тюменская область 1618;0,0490845;0,0000000;0,0357568;0,0685428;0,0000000;0,4631906;1,4400000;7,0333333;6,4525064;0,8916293;0,0556230;0,0000597;0,0736602;8,196701464;0,044095408;6,7445131;0,0000000;0,0000000;56,4333333;84,0000000;0,0000090;3,756582306
75   Челябинская область 1618;2,8030371;1,0800905;0,0000000;2,4093696;0,0000000;1,6403524;1,1933333;21,0000000;7,7264435;4,0350911;0,0136895;0,0246091;0,0148330;2,596483363;0,02080442;7,8774345;0,0000339;0,0027989;76,6666667;84,86666667;0,0301392;0,702015491
84   Республика Алтай 1618;0,0000000;0,0000000;0,0000000;0,0000000;0,0000000;0,0000000;0,9300000;20,6333333;0,0264902;0,0010964;0,0000190;0,0000000;0,0000269;0,037796219;7,95429E-06;5,6524860;0,0000000;0,0000000;18,2666667;85,23333333;0,0000000;0,409874263
93   Республика Тыва 1618;0,0000000;0,0000000;0,0000000;0,0000000;0,0000000;0,0000000;0,2066667;26,5333333;10,1918278;-4,6391283;0,0000000;0,0000000;0,0000405;0;0;1,5973522;0,0000000;0,0000000;0,0000000;73,43333333;0,0000000;0,3552001
95   Республика Хакасия 1618;0,0000000;0,0000000;0,0491060;0,0295808;0,0000000;0,0000000;0,4600000;15,5000000;3,3493099;1,0541368;0,0000597;0,0000000;0,0001975;0,000109218;1,78126E-07;3,0520447;0,0000000;0,0000000;19,9000000;80,66666667;0,0000000;0,685462021
01   Алтайский край 1618;0,2576371;0,0000000;0,0541610;0,2187584;0,0000000;0,0000000;0,0433333;19,4000000;0,5943833;0,0057127;0,0030520;0,0004907;0,0040667;0,360290261;0,001350573;10,2556340;0,0040876;0,0291791;64,7333333;79,96666667;0,0002538;0,449225326
04   Красноярский край 1618;0,7061495;11,3265882;1,7601619;3,6029022;0,1203116;2,3356780;0,3366667;13,2333333;16,9140238;9,5214093;0,0103273;0,0003648;0,0139100;0,447240596;0,045034644;6,1076199;0,0000423;0,0000000;115,7333333;83,16666667;0,0004497;1,302824519
25   Иркутская область 1618;1,4598787;0,0000000;0,1990915;0,6918658;0,0000000;0,8378718;0,9366667;16,1000000;2,5318572;1,1586939;0,0015533;0,0006261;0,0015833;0,240483061;0,000515477;4,8787290;0,0000197;0,0000000;71,8666667;78,36666667;0,0006351;0,84922604
32   Кемеровская область 1618;0,8779378;0,0000000;0,0000000;1,3341244;0,8593688;0,2981947;0,3566667;15,2666667;6,2521469;-2,1712596;0,0025002;0,0033910;0,0015753;0,006216166;0,000148423;3,9858194;0,0000000;0,0000000;58,8333333;82,23333333;0,0018953;0,821976016
50   Новосибирская область 1618;3,0079929;0,0000000;0,3191085;6,1148382;0,2555639;0,0000000;0,1700000;22,4666667;1,4020287;-0,7902513;0,0087134;0,0023668;0,0119097;0,070500162;0,005523034;6,4409532;0,0065743;0,0673996;173,3666667;72,43333333;0,0024808;0,722393961
52   Омская область 1618;0,2276378;0,0000000;0,0443729;0,7874821;0,0000000;8,1730422;1,9033333;19,7666667;0,4915319;0,0886514;0,0035808;0,0009132;0,0042721;2,474105634;0,009214734;6,9520741;0,0000000;0,0033518;113,0333333;82,93333333;0,0013959;0,721997005
69   Томская область 1618;3,1423312;0,5628790;0,0000000;0,1880403;0,0000000;0,1159646;0,9100000;20,8666667;2,5986363;1,3216091;0,0051449;0,0005396;0,0064516;0,420534957;0,014971126;10,7156517;0,0001540;0,0097387;329,5333333;77,06666667;0,0005515;1,011961414
81   Республика Бурятия 1618;3,1441118;0,0000000;3,1163401;3,7666752;0,0000000;0,0000000;0,4033333;24,9333333;0,0000000;0,0000000;0,0001619;0,0000000;0,0001763;3,262818221;0,001810608;4,5142689;0,0000000;0,0000000;38,6000000;67,66666667;0,0000000;0,501928738
98   Республика Саха (Якутия) 1618;2,4231084;2,1711049;0,5456218;0,8803808;0,0000000;0,0000000;0,4233333;11,7333333;4,7012853;3,2347240;0,0002377;0,0000009;0,0002646;0,873967018;0,000533697;6,5849662;0,0000038;0,0656097;64,7333333;82,43333333;0,0000011;1,585534623
76   Забайкальский край 1618;0,3495322;0,0000000;0,0000000;0,7888212;0,0000000;0,0000000;0,2833333;17,3000000;0,0000000;0,0000000;0,0001750;0,0000000;0,0001573;0,000389667;5,91936E-08;2,8538099;0,0000000;0,0000000;23,4666667;68,76666667;0,0000000;0,579439366
30   Камчатский край 1618;0,3466484;0,0000000;0,0000000;0,4159799;0,0000000;0,0000000;0,1300000;18,1666667;0,2661997;0,1663405;0,0001102;0,0000000;0,0001234;0,004124946;5,99396E-06;9,6778758;0,0000000;0,0000000;13,7666667;82,63333333;0,0000000;1,158544166
05   Приморский край 1618;1,9869854;1,7879687;5,7149184;0,6957879;0,0000000;0,2408496;0,5933333;18,7666667;5,9114739;1,7371598;0,0044239;0,0153972;0,0004864;0,121452362;0,000455284;5,4120918;0,0000000;0,0000000;94,0000000;84,56666667;0,0244590;0,872651107
08   Хабаровский край 1618;0,2652125;0,0000000;0,0000000;9,7370112;0,0000000;0,0000000;0,9100000;18,3666667;3,4251180;-0,0823230;0,0191926;0,0774421;0,0087735;0,043715286;0,004564318;7,1187408;0,0000000;0,0000000;90,5000000;88,7333333;0,1053902;0,956304034
10   Амурская область 1618;0,7100028;0,0000000;0,0000000;0,6969488;0,0000000;0,0000000;0,5466667;15,2333333;8,3145237;2,3699169;0,0003761;0,0008272;0,0001950;0,128928528;0,000415139;4,9235952;0,0000000;0,0000000;83,9333333;77,7000000;0,0007872;0,825936202
44   Магаданская область 1618;0,7100028;0,0000000;0,0000000;0,6431958;0,0000000;0,0000000;0,1833333;13,4333333;0,2582459;-0,0766325;0,0000483;0,0000000;0,0000486;0,664118981;0,000394409;8,3174169;0,0000000;0,0000000;56,4666667;80,5333333;0,0000000;1,453367174
64   Сахалинская область 1618;0,3156096;0,0000000;0,0000000;1,3613888;0,0000000;0,0000000;0,4533333;9,1666667;50,9054096;46,7843420;0,0000624;0,0000000;0,0000745;0,075754312;5,35062E-05;3,5693733;0,0000000;0,0000000;12,9333333;85,7000000;0,0000000;3,746422844
99   Еврейская автономная область 1618;0,4888728;0,0000000;0,0000000;1,8752110;0,0000000;0,0000000;0,1366667;15,7000000;15,5269505;4,9441015;0,0000126;0,0000000;0,0000130;0,004205691;3,79199E-07;5,2560459;0,0000000;0,0000000;93,6666667;79,9666667;0,0000000;0,697138897
77   Чукотский автономный округ 1618;0,5951494;0,0000000;0,0000000;1,1092798;0,0000000;0,0000000;0,1566667;13,6666667;16,1665332;1,0395305;0,0000199;0,0000000;0,0000271;0,00188294;2,00143E-06;7,2982642;0,0000000;0,0000000;6,7000000;78,8000000;0,0000000;2,754952784
14   Белгородская область 1315;0,7590145;0,0000000;0,0000000;0,2359525;0,0000000;0,0000000;0,2766667;10,4000000;4,0406425;2,9714876;0,0050212;0,0042944;0,0052435;0,016561679;0,000670244;10,5333333;0,017422917;0,000278601;81,8000000;80,6000000;0,0044372;0,988153626
15   Брянская область 1315;0,3460382;0,0000000;0,0699346;0,7309328;0,0000000;0,3042340;0,1766667;20,9333333;0,4532176;0,2602641;0,0033771;0,0003070;0,0043161;0,06453784;0,000818744;6,9666667;0;0,004347109;38,6333333;74,7333333;0,0000758;0,480922197
17   Владимирская область 1315;0,9522877;0,2951157;0,0000000;1,8867229;0,0000000;0,0580778;1,1300000;27,5666667;3,5763040;-0,9521469;0,0082580;0,0062969;0,0088578;0,098729248;0,004561911;10,5333333;0,004752293;0;154,0000000;87,8666667;0,0068670;0,57792792
20   Воронежская область 1315;0,9850753;0,0000000;0,1158403;0,3477409;0,0000000;0,0359165;0,8933333;18,4333333;1,2783120;-0,0601186;0,0110906;0,0015712;0,0140022;0,180853241;0,00884948;9,9000000;0,030112208;0;241,5000000;80,8666667;0,0026153;0,742060005
24   Ивановская область 1315;0,0308673;0,0000000;0,0000000;0,0000000;0,0000000;0,0000000;0,3900000;21,0000000;1,2282127;0,1122474;0,0000498;0,0000275;0,0000566;1,377433334;0,000230677;5,4000000;0;0;452,6000000;80,8333333;0,0000607;0,3835468
29   Калужская область 1315;1,2807519;0,0000000;0,1644262;8,8355634;0,0000000;0,1240752;3,0866667;34,5333333;12,8834042;3,7992065;0,0036034;0,0000420;0,0046927;0,423580523;0,01223838;8,7333333;0,005256661;0;98,5333333;80,4333333;0,0000331;0,773854261
34   Костромская область 1315;0,0695081;0,4334511;0,0392168;0,0425237;0,0000000;0,0000000;0,0733333;16,9666667;17,1949711;11,1842256;0,0008278;0,0000960;0,0010517;0,057860566;0,000227859;5,9333333;0;0;44,8333333;72,1000000;0,0000010;0,553640624
38   Курская область 1315;0,0000000;0,5334783;0,0000000;0,2093472;0,0000000;0,0000000;1,0300000;18,2333333;1,1086919;0,3938512;0,0035688;0,0001344;0,0046193;0,123598574;0,001906365;6,5333333;0;0;183,7666667;70,9666667;0,0000079;0,657611772
42   Липецкая область 1315;0,5261808;1,3418139;0,0313734;0,9016753;1,3606169;0,0593403;0,0766667;12,2000000;11,4396938;6,3495811;0,0111062;0,0010369;0,0141860;0,013778611;0,001607532;17,1666667;0,017313166;0,000206874;59,6000000;81,0333333;0,0007968;0,811332415
46   Московская область 1315;1,9176277;0,5015476;0,0837259;1,1434236;3,3202072;0,2938137;3,6500000;23,3000000;11,3223266;1,4004290;0,0835337;0,0986714;0,0789036;0,350614691;0,17175652;7,3666667;0,015973321;3,0952E-06;194,8333333;86,5333333;0,0661713;0,956194355
54   Орловская область 1315;0,0000000;0,0000000;0,1568671;0,3118401;0,0000000;0,0000000;0,2533333;18,8333333;2,0708856;0,6360388;0,0003219;0,0003183;0,0003231;0,073436312;0,000135921;7,1666667;0;0;139,8333333;78,8333333;0,0002606;0,582895096
61   Рязанская область 1315;0,6294645;0,0000000;0,0000000;0,3968874;0,0000000;0,0000000;0,5600000;22,4333333;1,4701046;-0,0655691;0,0022218;0,0002395;0,0028281;0,244268553;0,003477887;11,0000000;0,000133246;5,75325E-05;76,4333333;81,1666667;0,0001160;0,641507673
66   Смоленская область 1315;0,1824355;0,0000000;0,0000000;0,7965760;0,0000000;0,0000000;0,4666667;21,1666667;2,6743609;1,0232065;0,0032423;0,0001205;0,0041972;0,131298703;0,001688888;5,9000000;0;0;43,2333333;81,4333333;0,0000005;0,603523454
68   Тамбовская область 1315;0,3127327;0,0000000;0,0957292;0,3350178;0,0000000;0,0000000;0,7000000;16,9000000;0,2032523;0,0581270;0,0020336;0,0000127;0,0026517;0,051046515;0,000495833;8,1666667;0;0,000221703;89,6000000;73,0666667;0,0000000;0,638284088
28   Тверская область 1315;0,8314345;0,3467609;0,0612529;0,1106425;0,0000000;0,0000000;1,3100000;20,9666667;1,9985316;1,1439365;0,0044823;0,0000984;0,0058232;0,319961413;0,004078893;7,9000000;0;0;74,6333333;74,6666667;0,0000030;0,582689126
70   Тульская область 1315;0,4660925;0,0000000;0,0000000;0,9677549;0,0000000;0,0000000;0,7766667;35,5333333;6,9347804;1,3782620;0,0129885;0,0303366;0,0076824;0,115417898;0,010736891;12,2666667;0;0,000987063;108,8666667;79,0666667;0,0532699;0,65914525
78   Ярославская область 1315;1,4997958;0,0000000;0,0000000;1,4172184;1,2958256;1,6435106;1,4666667;24,9666667;2,7868092;-3,2398586;0,0064033;0,0032538;0,0073666;0,241544234;0,009214193;8,9666667;0,000336135;0;120,6000000;85,9000000;0,0051826;0,76411636
45   г. Москва 1315;1,1911871;1,7981542;11,3945990;2,6541140;0,4011014;0,5767526;2,3200000;20,9666667;27,7152056;3,0657713;0,2511718;0,2414301;0,2541514;0,189311917;0,223623984;17,9666667;0,003024201;0,000262104;608,0000000;96,4000000;0,2585591;2,550818415
86   Республика Карелия 1315;7,0550385;0,0000000;0,0000000;0,1237052;0,0000000;0,0000000;0,5066667;17,4333333;3,4961100;1,0936891;0,0000444;0,0000048;0,0000565;0,601932456;0,000210555;5,5000000;0;0;26,9000000;91,86666667;0,0000056;0,746134876
87   Республика Коми 1315;0,0859698;0,0000000;0,0000000;0,0234613;0,0000000;0,0941260;0,4500000;12,5000000;3,5776258;-0,0406370;0,0055572;0,0184062;0,0016272;0,007582398;0,000269797;5,8666667;0;0;34,0000000;82,86666667;0,0168883;1,401135593
11   Архангельская область 1315;0,7150914;0,0000000;0,1568671;0,5981906;0,0000000;0,0000000;0,2500000;18,7333333;2,4279389;0,7224885;0,0224615;0,0417721;0,0165552;0,025984411;0,000483145;4,4666667;0;0;36,4000000;79,3000000;0,0374573;1,140625516
19   Вологодская область 1315;0,6015827;0,0000000;0,0000000;0,0358094;0,0000000;0,0000000;0,0900000;20,5666667;21,9299120;0,7092843;0,0035918;0,0052188;0,0030941;0,004559238;0,000387676;5,5333333;0;0;51,8000000;79,0000000;0,0050803;0,822293732
27   Калининградская область 1315;0,1594808;0,0000000;0,0000000;0,0816454;0,0000000;0,0000000;0,3466667;25,4333333;2,0906094;0,0048333;0,0002064;0,0000028;0,0002687;0,287084052;0,000255798;2,9333333;0;3,75394E-05;52,9666667;82,7666667;0,0000032;0,788803412
41   Ленинградская область 1315;0,5639892;1,6842672;0,0000000;0,0566982;0,0000000;0,0606590;0,8833333;13,6000000;22,5172423;-1,8910544;0,0046973;0,0027206;0,0053019;0,189657681;0,005511046;8,6000000;0,002638145;0;22,5333333;88,5000000;0,0044144;1,023251011
47   Мурманская область 1315;0,2631985;0,0000000;0,0000000;0,0000000;0,0000000;0,1674788;0,7466667;17,8666667;2,9369930;1,6791073;0,0005133;0,0000486;0,0006554;0,380736546;0,001189458;8,6333333;0,005031294;0;50,0000000;88,9333333;0,0000575;1,090841797
49   Новгородская область 1315;0,5208252;0,0000000;0,0000000;0,4189698;0,0000000;0,0000000;0,6266667;29,3333333;6,5452605;1,5844792;0,0014282;0,0000042;0,0018637;0,295141;0,001651485;7,1333333;0;0;67,8666667;80,1000000;0,0000046;0,812302526
58   Псковская область 1315;0,0000000;0,0000000;0,0000000;0,1700946;0,0000000;0,0000000;0,1800000;21,2666667;0,5027949;-0,4927958;0,0001108;0,0000511;0,0001291;0,039603864;2,97194E-05;7,1000000;0,023947271;0;49,7000000;84,0333333;0,0000190;0,464392395
40   г. Санкт-Петербург 1315;1,6180911;1,8887358;0,3413141;0,4429547;0,0000000;1,6800962;3,6033333;30,9000000;13,9000228;1,4727400;0,0425566;0,0190481;0,0497470;0,247474061;0,091644821;15,9333333;0,018308352;1,4541E-05;270,4333333;92,3000000;0,0083537;1,340500233
79   Республика Адыгея (Адыгея) 1315;0,4777075;0,0000000;0,0043125;0,2332726;0,0000000;0,0000000;0,2500000;16,1333333;0,6139786;0,2624723;0,0012788;0,0000536;0,0016535;0,000154261;8,11458E-07;6,2333333;0;0;3,7333333;90,3000000;0,0000586;0,418565201
85   Республика Калмыкия 1315;0,0000000;0,0000000;0,0000000;0,0000000;0,0000000;0,0000000;0,1566667;15,0000000;0,5074394;0,3153632;0,0000040;0,0000000;0,0000052;0,449721912;2,97049E-06;3,2000000;0;0;34,6000000;80,9666667;0,0000000;0,403014898
03   Краснодарский край 1315;1,7686723;0,0000000;0,0317706;1,4230427;56,0854658;0,0000000;0,3133333;14,0666667;3,4637762;-0,0391433;0,0017491;0,0006316;0,0020909;0,394400042;0,002840953;4,7333333;4,67695E-06;3,02184E-05;78,8333333;79,9000000;0,0001553;0,806151511
12   Астраханская область 1315;0,0802164;0,0000000;0,0000000;0,3746549;0,0000000;0,0000000;0,1900000;13,5000000;0,8504842;-0,7264143;0,0032287;0,0000012;0,0042159;0,128893521;0,00202288;10,5000000;0;0;72,6666667;78,9000000;0,0000000;0,712379877
18   Волгоградская область 1315;0,2812543;0,0000000;0,0000000;1,3995944;0,0000000;0,1488903;0,8233333;16,7000000;2,9622929;1,4350610;0,0047391;0,0001245;0,0061505;0,012516431;0,000201845;6,2333333;0;0;94,2333333;68,1000000;0,0000078;0,653510921
60   Ростовская область 1315;1,0840286;0,0000000;0,0236781;0,5343728;8,2150455;0,1030058;1,2033333;20,7000000;2,0292940;0,3214042;0,0271233;0,0520938;0,0194858;0,119071119;0,017475659;8,4000000;0,013956907;6,52196E-05;123,5666667;78,5666667;0,0591591;0,59449581
82   Республика Дагестан 1315;0,0000000;0,0000000;0,0000000;2,5511329;0,0000000;0,0000000;0,1833333;12,9666667;0,1482827;0,1451500;0,0000113;0,0000000;0,0000147;0,004604572;5,32897E-07;6,7666667;0;0;97,7000000;82,9333333;0,0000000;0,422166321
26   Республика Ингушетия 1315;0,0000000;0,0000000;0,0000000;0,0000000;0,0000000;0,0000000;0,1133333;19,0000000;0,0097333;0,0097062;0,0000018;0,0000000;0,0000023;0;0;8,5333333;0;0;2,1333333;84,2000000;0,0000000;0,262938597
83   Кабардино-Балкарская Республика 1315;0,0000000;0,0000000;0,0000000;0,0000000;0,0000000;0,2481504;0,4766667;21,3333333;0,4304067;-0,0217380;0,0004546;0,0000002;0,0005936;0,005025314;1,02323E-05;6,1666667;0;0;90,6000000;85,3333333;0,0000000;0,329990305
91   Карачаево-Черкесская Республика 1315;0,0000000;0,0000000;0,0000000;0,0000000;0,0000000;0,0000000;0,6700000;19,1333333;0,0104932;-0,0005012;0,0000059;0,0000000;0,0000077;0;0;2,1666667;0;0;28,4333333;75,3000000;0,0000000;0,345553482
90   Республика Северная Осетия - Алания 1315;0,3031605;0,0000000;0,0000000;0,0000000;0,0000000;0,0000000;0,3300000;17,7333333;0,0936691;-0,2840916;0,0000097;0,0000000;0,0000127;1,989049005;5,70678E-05;5,0000000;0;0;123,5333333;80,6000000;0,0000000;0,428652578
96   Чеченская Республика 1315;0,0000000;0,0000000;0,0000000;0,0000000;0,0000000;0,0000000;0,2133333;23,0666667;1,4489868;1,4488460;0,0000303;0,0000000;0,0000395;0,378175188;6,86674E-05;0,0000000;0;0;11,9000000;71,5333333;0,0000000;0,254153885
07   Ставропольский край 1315;0,6282119;0,0000000;0,0000000;3,6872117;0,0000000;0,0000000;0,2500000;23,1000000;1,9041128;1,0687998;0,0026102;0,0026204;0,0026071;0,010430359;0,00063082;7,3333333;0;0;57,2666667;89,4000000;0,0035133;0,475970174
80   Республика Башкортостан 1315;0,4151550;0,0000000;0,0522890;0,0489545;0,0000000;0,0000000;0,6366667;21,0666667;1,0461241;0,4646452;0,0452156;0,0612335;0,0403164;0,022474638;0,004676502;9,1333333;0,00134151;0,000135754;140,0000000;85,2000000;0,0790384;0,747655294
88   Республика Марий Эл 1315;0,2069844;0,0000000;0,0000000;1,4536959;0,0000000;0,0000000;0,1066667;23,3666667;0,1746877;0,0322421;0,0033533;0,0002853;0,0042917;0,04315992;0,000276562;6,9000000;0;0;148,8666667;82,5333333;0,0005238;0,518555695
89   Республика Мордовия 1315;0,5764606;0,0000000;0,5141755;0,6647964;1,1338474;72,2410708;0,5433333;21,4666667;0,1440520;0,0986464;0,0063659;0,0003785;0,0081973;0,022802087;0,00117739;15,9333333;4,39934E-05;0,00100941;59,3333333;73,7333333;0,0001728;0,503384512
92   Республика Татарстан (Татарстан)  1315;1,7611258;0,4677507;0,1848149;1,2288191;3,5155808;0,1504503;0,7000000;20,1666667;2,1563955;0,3533494;0,0491749;0,0259359;0,0562828;0,083363625;0,053584298;19,0333333;0,000827811;0;204,7666667;83,8333333;0,0181040;1,07237621
94   Удмуртская Республика 1315;0,2876816;0,0000000;0,0000000;0,1649925;0,0000000;0,0000000;0,2400000;23,3666667;4,0448162;2,2443728;0,0062646;0,0002675;0,0080989;0,015191274;0,000512219;9,5666667;0;0;63,5000000;84,9333333;0,0002164;0,733767616
97   Чувашская Республика -Чувашия 1315;0,3208588;0,0000000;5,3792916;0,4752641;0,6328451;0,0000000;0,6100000;28,8000000;1,4253611;0,9908508;0,0056467;0,0009880;0,0070716;0,096419368;0,003112185;20,9333333;0;0,00352414;100,6666667;81,0666667;0,0003986;0,467310906
57   Пермский край 1315;0,6761209;29,9200743;0,0647956;0,8871507;0,0000000;2,5201952;1,2666667;29,1333333;8,7991624;-3,4511477;0,0098723;0,0004164;0,0127645;0,104015334;0,024163031;9,8000000;0;0,001317187;130,3666667;83,0000000;0,0004377;0,898893313
33   Кировская область 1315;0,8375566;1,5152220;0,8005060;0,4315305;0,0000000;0,0000000;0,5066667;28,1000000;0,4423116;0,2650067;0,0014905;0,0031710;0,0009765;0,087535708;0,001669307;8,0666667;0;0,021432302;60,8666667;68,8000000;0,0043864;0,471583357
22   Нижегородская область 1315;1,6063075;0,0000000;1,0763142;2,0381109;0,0000000;0,6200980;5,4733333;29,9000000;4,6039248;1,6820493;0,0603776;0,0200371;0,0727162;0,165245871;0,060146987;12,4333333;0,014592102;9,86064E-06;107,8666667;85,8000000;0,0119102;0,753592417
53   Оренбургская область 1315;0,0724913;0,0000000;0,0108184;0,1438785;0,4691783;0,0000000;0,0800000;11,6000000;0,8104163;-1,2280133;0,0039034;0,0001552;0,0050498;0,087878508;0,001505336;10,4666667;0;0,001269664;42,6333333;84,2000000;0,0000905;0,903034371
56   Пензенская область 1315 ;0,8197734;0,0000000;0,0000000;2,0784817;0,0000000;0,0000000;1,3100000;22,7000000;0,5162552;0,1417711;0,0032166;0,0015904;0,0037141;0,254001574;0,005039516;14,3333333;0;0,000357832;114,9000000;80,4333333;0,0016380;0,542537292
36   Самарская область 1315;3,0049640;1,1369210;0,2425718;0,2841269;0,0000000;0,2060783;1,4833333;26,1000000;2,7105030;-0,5862279;0,0771823;0,0309008;0,0913381;0,096703946;0,043580794;5,0000000;0,00030466;0,001536162;146,8333333;67,7666667;0,0384716;0,875505586
63   Саратовская область 1315;0,7856173;1,9446825;0,0841221;0,9100876;0,0000000;0,0914884;0,5633333;23,4000000;0,8012292;-0,3191822;0,0036347;0,0000129;0,0047425;0,134486819;0,002940418;5,7666667;0;0,022916248;87,1666667;78,9666667;0,0000012;0,559301832
73   Ульяновская область 1315;0,9926453;0,4782909;0,0000000;1,7999280;0,0000000;1,5683377;3,1166667;30,9333333;3,0603678;2,6074066;0,0022163;0,0005532;0,0027250;0,015907567;0,000908701;5,0333333;1,58614E-05;0,090707989;151,8666667;79,7666667;0,0005559;0,545216235
37   Курганская область 1315;0,8442308;0,0000000;0,0000000;0,1574723;0,0000000;0,0000000;0,1600000;25,2666667;0,4344033;0,0402289;0,0008315;0,0000349;0,0010751;0,115332713;0,000573161;4,9666667;0;0;63,5333333;69,1000000;0,0000070;0,481784771
65   Свердловская область 1315;0,8905687;3,0712216;0,3164838;4,8300449;0,0000000;0,0478887;1,4633333;24,0666667;3,4293410;-1,7746224;0,0335223;0,0185539;0,0381006;0,113656759;0,020065757;8,9333333;8,24805E-06;0,00610707;110,8666667;89,2666667;0,0229938;0,949542465
71   Тюменская область 1315;0,1320143;0,0000000;0,0429534;0,0545736;0,0000000;0,0620376;0,2100000;7,5666667;10,7208250;7,1102716;0,0055568;0,0000578;0,0072388;1,509802854;0,047076237;6,2333333;2,18897E-08;8,79746E-06;40,9666667;84,8333333;0,0000000;3,669870721
75   Челябинская область 1315;0,8986785;0,6401740;0,0179277;1,2278282;0,0000000;17,0943494;1,3433333;20,6666667;4,5529915;3,3153709;0,0177363;0,0026634;0,0223465;0,179849116;0,019207293;7,9000000;0;0,000814542;96,6666667;83,7666667;0,0018709;0,714254527
84   Республика Алтай 1315;0,0000000;0,0000000;0,1592805;0,0000000;0,0000000;0,0000000;0,2400000;20,5666667;0,0027082;-0,0377289;0,0000037;0,0000000;0,0000048;8,999482559;0,000160883;13,3666667;0;0;0,0000000;85,8666667;0,0000000;0,437165739
93   Республика Тыва 1315;0,0000000;0,0000000;0,0000000;0,0000000;0,0000000;0,0000000;0,6200000;28,6000000;5,3031535;1,3674625;0,0000038;0,0000000;0,0000050;0;0;3,0666667;0;0;8,5000000;65,8333333;0,0000000;0,349766646
95   Республика Хакасия 1315;0,0000000;0,0000000;0,0000000;0,0000000;0,0000000;0,0000000;0,0533333;15,8000000;1,6135273;0,0935862;0,0000187;0,0000000;0,0000245;0,166088626;1,49824E-05;5,7333333;0;0;16,1666667;87,3333333;0,0000000;0,714496829
01   Алтайский край 1315;0,1162256;0,0000000;0,0411455;2,7605515;0,8922078;0,0000000;0,4300000;19,5666667;0,1967546;-0,2366615;0,0035364;0,0006713;0,0044127;0,085005252;0,001738193;11,3333333;0;0,000651211;71,4666667;73,3666667;0,0003672;0,459429477
04   Красноярский край 1315;0,7106321;1,0360539;0,8754453;0,7115142;16,5928892;7,0312231;0,9733333;15,7333333;14,4978076;-0,7036780;0,0114439;0,0003517;0,0148366;0,872033139;0,09354449;8,6666667;9,36445E-07;0;124,6000000;78,3000000;0,0004936;1,228647401
25   Иркутская область 1315;0,9674514;0,0000000;0,6152677;0,5517171;0,0000000;0,8390189;0,5066667;17,7333333;1,1426910;-0,4707293;0,0056678;0,0015068;0,0069405;0,047800079;0,000828114;6,4666667;0,000177204;0;90,8333333;77,4333333;0,0023522;0,914136713
32   Кемеровская область 1315;0,3581990;0,0000000;0,0000000;1,7703761;3,5494354;0,0000000;0,1766667;17,5333333;4,5283136;0,1433275;0,0062096;0,0079637;0,0056730;0,372245081;0,002775231;4,1666667;0;0;67,5333333;81,8666667;0,0131720;0,672372509
50   Новосибирская область 1315;1,5208130;0,0000000;0,0396296;2,2768316;2,1769871;0,6059234;2,0300000;23,2333333;2,3751952;0,3996800;0,0091436;0,0017911;0,0113924;0,046960344;0,003563508;9,1000000;0,002762636;0,000898979;165,8333333;74,3000000;0,0011275;0,814712673
52   Омская область 1315;0,2100232;0,0000000;0,0000000;0,2682698;0,0000000;1,0064684;0,7333333;17,7000000;0,2051759;-0,0366037;0,0070841;0,0039312;0,0080484;0,140670921;0,007336675;6,8666667;0;0;95,4333333;68,0666667;0,0056157;0,7299436
69   Томская область 1315;2,1179059;0,0000000;0,0000000;4,7348148;0,0000000;0,0000000;2,3066667;20,8333333;3,3158488;0,9246855;0,0023351;0,0004523;0,0029110;0,415000048;0,008808533;12,3666667;0,000645451;0,042006543;338,0333333;74,1666667;0,0007189;0,988986344
81   Республика Бурятия 1315;3,7363889;0,0000000;0,0000000;1,4018036;0,0000000;0,0000000;0,5066667;29,6333333;1,9312458;0,4613139;0,0000757;0,0000000;0,0000988;0,002204781;1,50296E-05;5,8666667;0;0;45,6666667;75,7333333;0,0000000;0,471498024
98   Республика Саха (Якутия) 1315;1,0995062;0,0000000;0,0000000;0,0412730;0,0000000;0,0160568;0,3733333;14,3000000;3,8841900;-4,2319634;0,0024586;0,0000074;0,0032083;0,037327843;0,000365938;6,6333333;0,000220757;0,008161854;66,8333333;79,3666667;0,0000132;1,673411321
76   Забайкальский край 1315;0,3952362;0,0000000;0,0000000;0,6587790;0,0000000;0,0000000;0,1566667;20,7000000;3,9196919;0,7218730;0,0002595;0,0000000;0,0003389;0,220187317;0,000474631;3,3333333;0;0;24,8333333;60,4666667;0,0000000;0,532307489
30   Камчатский край 1315;0,3026202;0,0000000;0,0000000;1,2332324;0,0000000;0,0000000;0,8500000;20,6333333;0,5507249;0,3087681;0,0001968;0,0000000;0,0002570;0,193392528;0,000224636;12,3000000;0,001107885;0;27,3333333;67,8333333;0,0000000;1,155789416
05   Приморский край 1315;2,9722656;0,0000000;0,1977476;0,9174799;4,8652362;0,5542026;0,8900000;18,7000000;4,1729093;0,6665451;0,0003600;0,0001074;0,0004550;0,394743531;0,00098788;7,2666667;0,01373525;0;93,1333333;78,9333333;0,0000571;0,811626482
08   Хабаровский край 1315;0,3895507;0,0000000;0,4848620;1,0502941;0,0000000;1,0546393;0,2900000;17,7666667;2,6984694;0,6802109;0,0122276;0,0062200;0,0159498;0,015144069;0,000840264;9,8000000;0;0;105,6666667;87,6666667;0,0000480;0,990651571
10   Амурская область 1315;0,6014575;0,0000000;0,0000000;0,3848294;0,0000000;0,0000000;0,2066667;15,0333333;14,1039203;7,8471230;0,0024145;0,0033178;0,0002358;0,56767635;0,006076835;5,4333333;0;0;140,1666667;69,7333333;0,0135469;0,719243788
44   Магаданская область 1315;0,3625718;0,0000000;0,0000000;0,3522067;0,0000000;0,0000000;0,8933333;17,1666667;21,7571957;8,5063601;0,0005526;0,2139989;0,0007216;0,631449334;0,000562137;14,3333333;0;0;22,6000000;67,9000000;0,0000000;1,688278524
64   Сахалинская область 1315;0,8769107;0,0000000;0,0000000;1,9148527;0,0000000;4,0634633;0,1566667;7,8666667;33,8921629;25,4312380;0,0645616;0,0613434;0,0000919;0,000128015;4,97809E-05;3,1666667;0;0;11,6000000;83,1333333;0,2480329;3,823629591
99   Еврейская автономная область 1315;1,2732743;0,0000000;0,0000000;1,3947756;0,0000000;0,0000000;0,2133333;16,4000000;4,3610596;4,2804895;0,0000138;0,0000000;0,0000181;4,34991225;2,10493E-05;5,5666667;0;0;28,0666667;71,2666667;0,0000000;0,599590199
77   Чукотский автономный округ 1315;0,5466076;0,0000000;0,0000000;0,8423732;0,0000000;0,0000000;0,0733333;15,5000000;14,3122186;6,4102366;0,0000335;0,0000000;0,0000438;0,03706126;2,14859E-06;22,8000000;0;0;0,0000000;65,1666667;0,0000000;2,626024399
14   Белгородская область 1012;1,1164084;0,7836815;0,5728451;0,4735261;0,0000000;0,6658141;0,2133333;9,7000000;1,0548940;-0,4436008;0,0033524;0,0008832;0,0043573;0,005434004;0,000357393;8,7333333;0;8,59629E-05;70,9333333;64,6333333;0,0013319;0,981453759
15   Брянская область 1012;0,7058536;0,7033040;0,1670798;0,4162402;0,5375316;0,2010700;0,1466667;21,1333333;0,2342536;-0,4475858;0,0042361;0,0003859;0,0058031;0,040507921;0,001360048;7,7333333;0;0,009522679;31,4000000;53,0333333;0,0003202;0,508175557
17   Владимирская область 1012;0,3553792;0,0000000;0,0000000;0,4389442;0,0000000;0,0000000;1,1300000;29,1000000;5,3825521;2,9716212;0,0097530;0,0181787;0,0063237;0,055795189;0,003662424;9,7666667;0,000564148;5,90485E-05;88,5000000;74,6000000;0,0152534;0,5936359
20   Воронежская область 1012;0,2693581;0,0000000;0,0000000;0,2045135;0,0000000;4,5871688;1,2433333;20,9000000;3,3467709;1,1614775;0,0076453;0,0029877;0,0095409;0,18554615;0,013753647;8,2666667;0,005566843;0;174,2666667;60,2666667;0,0041499;0,685033762
24   Ивановская область 1012;0,0000000;0,0000000;0,0000000;0,0000000;0,0000000;0,0000000;0,4100000;19,1666667;0,1675840;-1,8281855;0,0007152;0,0000000;0,0010063;0,483195257;0,000263442;5,7000000;0;0;441,3333333;63,9333333;0,0000000;0,38522147
29   Калужская область 1012;1,8381923;0,0000000;1,9094837;24,0292809;0,6515535;0,4021400;3,7500000;37,3333333;8,1081612;0,1295358;0,0033924;0,0002061;0,0046892;0,403252;0,026316614;7,5333333;0,000191739;0;98,5666667;60,4000000;0,0002388;0,816186454
34   Костромская область 1012;0,0535258;0,0000000;0,0000000;0,2481343;9,7733019;1,5354434;0,0566667;16,4333333;9,2511847;5,3392129;0,0012891;0,0001010;0,0017726;0,001894909;3,22646E-05;6,3666667;0;0,01721622;52,3000000;56,2666667;0,0000000;0,504998916
38   Курская область 1012;0,1243699;0,7836815;0,0000000;0,1936385;0,0000000;0,6521188;0,9066667;17,9666667;1,2234429;-1,1098177;0,0027051;0,0001807;0,0037325;0,218829891;0,003846348;8,7000000;0;0;177,6000000;46,8333333;0,0000025;0,665170482
42   Липецкая область 1012;0,5583709;3,8182212;0,2088498;1,1343911;0,0000000;0,0000000;0,0400000;11,8333333;12,4960547;8,8308936;0,0058529;0,0002688;0,0081256;0,022138217;0,004651208;9,9666667;0;0,000403154;57,6333333;62,1666667;0,0000379;0,849847433
46   Московская область 1012;1,4835677;0,4977994;0,8247856;1,0360573;0,1616636;1,2949380;3,6066667;23,5666667;9,4823282;3,6126629;0,0721785;0,0316519;0,0886726;0,122930435;0,076061237;6,4000000;0,119516013;0,004860912;140,5000000;75,7000000;0,0233943;1,062996539
54   Орловская область 1012;0,1548687;0,0000000;0,0000000;0,3377234;0,0000000;0,0000000;0,2533333;19,5333333;3,2404082;1,1937756;0,0004715;0,0001556;0,0006001;0,052806569;0,000319093;9,0000000;0;0;187,1000000;56,3666667;0,0000761;0,568364194
61   Рязанская область 1012;1,5155288;0,0000000;0,0000000;0,4922903;0,0000000;0,7540124;0,5466667;22,7333333;1,3653656;-0,0932117;0,0014689;0,0000898;0,0020301;0,193649446;0,004382821;7,6666667;0;5,33571E-05;90,3000000;68,7666667;0,0000624;0,631924464
66   Смоленская область 1012;0,6598033;0,0000000;0,0000000;0,4388896;0,0000000;0,0000000;0,4700000;19,6000000;4,0871975;2,8596077;0,0016617;0,0014848;0,0017337;0,299282755;0,005280407;5,5666667;0;0;60,9000000;61,9666667;0,0004488;0,590348765
68   Тамбовская область 1012;0,1736918;1,0158835;0,2475257;0,6081030;0,0000000;0,0000000;0,5200000;17,3666667;0,2923472;-0,1619104;0,0019354;0,0000138;0,0027175;0,045516008;0,000747017;5,4333333;0,000360843;1,93101E-05;64,9666667;49,9666667;0,0000111;0,578566936
28   Тверская область 1012;0,3577922;0,0000000;0,0000000;0,1307774;0,0000000;0,0000000;1,3833333;21,7000000;1,5379684;0,9498724;0,0133978;0,0015650;0,0182137;0,075648908;0,007667448;6,7666667;0,007984906;2,46404E-05;59,1333333;61,9666667;0,0034843;0,601844368
70   Тульская область 1012;0,4134553;0,0000000;0,8453631;0,5870602;0,7963431;0,0000000;0,6433333;35,0000000;3,4168316;-1,7425317;0,0172783;0,0478367;0,0048412;0,070646525;0,008570969;11,2000000;0,118436804;0,00039167;100,7333333;62,0333333;0,0653148;0,729913419
78   Ярославская область 1012;0,6553636;1,6596477;0,6580375;1,2014836;0,0000000;0,9651359;1,3433333;24,7666667;10,7630241;-11,0322368;0,0103544;0,0012276;0,0140690;0,077567128;0,008932587;10,2000000;0;0;112,4666667;71,3333333;0,0005629;0,768350176
45   г. Москва 1012;3,2638178;4,5835859;3,4647079;3,3428690;8,7564905;0,2243012;2,2733333;20,7333333;35,7513507;11,1964774;0,1299014;0,1006066;0,1418243;0,254596863;0,231065802;15,4000000;0,001337808;0,000148415;661,5000000;93,7333333;0,1103201;2,434219423
86   Республика Карелия 1012;2,3301542;0,0000000;0,0000000;0,0000000;0,0000000;0,0000000;0,4666667;18,6333333;2,2827532;-0,0804597;0,0003522;0,0006769;0,0002201;0,294147973;0,000332417;7,6666667;0;0;24,5000000;80,2333333;0,0038982;0,78976476
87   Республика Коми 1012;0,0568711;0,0000000;0,0000000;0,1690774;0,0000000;0,0000000;0,4066667;10,4000000;2,8696329;0,1107038;0,0117131;0,0227309;0,0072290;0,021382654;0,000588569;5,6333333;0;0;32,9666667;56,6333333;0,0169923;1,340922649
11   Архангельская область 1012;0,5747292;0,0000000;0,0000000;0,6810528;0,0000000;0,0000000;0,2066667;16,2000000;2,4805788;0,2272648;0,0061432;0,0009703;0,0082485;0,056366252;0,000761106;7,3333333;0;0;30,5666667;60,0333333;0,0033880;1,212237962
19   Вологодская область 1012;0,0677747;2,0429767;0,2304549;0,6526188;0,0000000;9,8732291;0,1000000;21,3333333;25,2522506;-2,2243244;0,0032639;0,0016898;0,0039046;0,012511885;0,000801702;6,5666667;0,005642085;0;54,5000000;57,9333333;0,0059774;0,850850877
27   Калининградская область 1012;0,2216515;0,0000000;0,7425770;0,6742930;0,0000000;0,0000000;0,4966667;21,8333333;2,1657927;0,8932413;0,0000433;0,0000000;0,0000610;0,288833447;5,99056E-05;3,1666667;0;0;54,1666667;67,8333333;0,0000000;0,825267812
41   Ленинградская область 1012;0,2992138;0,0000000;0,0000000;0,0368311;0,0000000;0,2173730;0,8700000;13,6333333;11,6480454;-4,0794790;0,0041414;0,0038478;0,0042609;0,071806378;0,001475782;7,8666667;0,000193329;0;45,9333333;75,8666667;0,0072114;1,033783016
47   Мурманская область 1012;0,2769376;0,0000000;0,3182473;0,0000000;0,0000000;0,3829904;0,8300000;18,3000000;1,1436575;-3,8953807;0,0001132;0,0000000;0,0001592;0,512668336;0,000764098;6,3000000;0,010132363;0;44,0666667;74,0666667;0,0000000;1,171336512
49   Новгородская область 1012;0,4669417;0,0000000;0,7034940;0,7086422;0,0000000;0,0000000;0,6466667;27,1000000;7,5831938;3,4552604;0,0016953;0,0020474;0,0015520;0,176061576;0,002494845;7,1000000;0;0;42,9666667;72,4333333;0,0025350;0,762921802
58   Псковская область 1012;0,0000000;0,0000000;0,0000000;0,0692038;0,0000000;0,0000000;0,1000000;22,2666667;1,5355738;0,5126751;0,0005261;0,0002677;0,0006312;0,056122701;0,00032441;8,9000000;0,058838347;0;33,0333333;68,3333333;0,0000414;0,477123113
40   г. Санкт-Петербург 1012;0,6686876;0,8228656;1,4857252;0,1285593;0,0000000;0,0402140;3,5033333;30,2666667;16,1334506;7,9014172;0,0007687;0,0176551;0,0930532;0,174199926;0,095363973;14,5333333;0,008584501;0,000374333;273,9000000;87,2333333;0,0096192;1,492926259
79   Республика Адыгея (Адыгея) 1012;1,1374221;0,0000000;0,0000000;1,2110657;0,0000000;0,5361866;0,2166667;15,3666667;3,7358303;0,3553722;0,0000050;0,0000453;0,0010631;0;0;6,5000000;0;0;12,8000000;74,4333333;0,0000447;0,439295869
85   Республика Калмыкия 1012;0,0000000;0,0000000;0,0000000;0,0000000;0,7167088;0,0000000;0,2500000;17,6333333;0,2460721;0,2120761;0,0000050;0,0000000;0,0000070;-0,333333333;1,63154E-05;1,1500000;0;0;1,1666667;67,3000000;0,0000000;0,513199339
03   Краснодарский край 1012;1,1020357;0,0000000;0,0000000;0,0000000;0,5000294;0,0000000;0,3200000;13,6666667;3,0707787;0,7016033;0,0019925;0,0000440;0,0027856;0,288931318;0,003361868;4,9000000;0;0;74,4000000;68,7000000;0,0000068;0,775894396
12   Астраханская область 1012;0,1819875;0,0000000;0,0000000;0,1230289;0,0000000;0,0000000;0,2933333;15,4666667;0,8626296;0,4430758;0,0007506;0,0015373;0,0004305;0,189727668;0,001957415;7,0000000;0;0;93,0666667;68,2666667;0,0091143;0,814799272
18   Волгоградская область 1012;0,4073853;0,0000000;0,0000000;0,5476254;0,0000000;0,0000000;0,6266667;17,5000000;0,8690820;-1,4042681;0,0160104;0,0006917;0,0222451;0,009400601;0,000601285;6,4000000;0;0;99,1333333;58,2333333;0,0011819;0,620994466
60   Ростовская область 1012;0,4684876;6,3795966;0,6683193;0,2293910;0,0000000;0,0000000;1,0533333;20,5000000;2,5853295;0,6718788;0,0204389;0,0117562;0,0239727;0,069118025;0,0113947;6,8333333;0,065297196;0;136,6000000;63,1666667;0,0025268;0,623125914
82   Республика Дагестан 1012;0,0000000;0,0000000;0,1518908;0,3460188;0,0000000;0,0000000;0,2366667;12,2333333;0,2095154;0,1806107;0,0000639;0,0000504;0,0000695;0,030277535;3,07857E-05;3,0333333;0;0;101,0333333;64,0666667;0,0000000;0,382371933
26   Республика Ингушетия 1012;0,0000000;0,0000000;0,0000000;0,0000000;0,0000000;0,0000000;0,1033333;21,8666667;0,1012583;0,1008517;0,0000000;0,0000000;0,0000000;-1;0;0,0000000;0;0;1,5666667;58,9666667;0,0000000;0,231897513
83   Кабардино-Балкарская Республика 1012;0,0000000;0,0000000;0,0000000;0,8765809;0,0000000;0,0000000;0,5400000;18,8333333;0,0202480;0,0181027;0,0012413;0,0000000;0,0017466;0,121111615;0,001073688;7,7333333;0,000772068;0;64,7666667;75,9000000;0,0000000;0,328234131
91   Карачаево-Черкесская Республика 1012;1,5923910;0,0000000;0,0000000;1,6147543;0,0000000;0,0000000;0,6266667;19,3000000;0,1281853;0,0785733;0,0027809;0,0000000;0,0039127;0,00040928;1,24462E-05;3,1666667;0;0;15,4333333;58,8000000;0,0000000;0,319655742
90   Республика Северная Осетия - Алания 1012;1,1309226;0,0000000;0,0000000;0,0000000;0,0000000;0,0000000;0,3366667;16,1666667;0,1131615;-0,6706641;0,0000369;0,0000000;0,0000519;0,699765415;0,000252182;5,2333333;0;0;113,7666667;65,36666667;0,0000000;0,397571364
96   Чеченская Республика 1012;0,0000000;0,0000000;0,0000000;0,0000000;0,0000000;0,0000000;0,1466667;19,3000000;0,0207258;0,0204186;0,0000000;0,0000000;0,0000000;-1;0;0,0000000;0;0;9,1333333;47,96666667;0,0000000;0,271607432
07   Ставропольский край 1012;0,4639960;0,0000000;0,4641106;0,0823854;0,0000000;0,0000000;0,3466667;22,8666667;1,0937841;0,1459991;0,0013732;0,0000577;0,0019086;0,005587019;0,000846499;6,4333333;0;0;75,1000000;76,33333333;0,0000196;0,480850592
80   Республика Башкортостан 1012;1,4341893;0,2344347;1,0808789;0,2609952;5,6264990;0,1622628;0,5766667;19,1000000;1,0140637;-0,2916985;0,0346190;0,0090380;0,0450304;0,026321808;0,005752252;11,7333333;0,062636301;0,001055141;118,9000000;73,36666667;0,0036704;0,687717895
88   Республика Марий Эл 1012;0,3670337;0,0000000;2,3868546;0,6978530;0,0000000;0,0000000;0,1366667;22,4000000;0,7987019;0,6009794;0,0011777;0,0003641;0,0015088;0,067289427;0,000160872;7,1666667;0;0,023735935;102,4666667;59,46666667;0,0003272;0,477961086
89   Республика Мордовия 1012;0,2109906;4,2198237;5,9385414;1,3738240;0,5811153;0,0000000;0,4966667;21,0666667;0,1293486;-0,0653390;0,0131988;0,0023309;0,0176220;0,030963538;0,002830526;10,7333333;0;0,004447105;39,1666667;61,13333333;0,0018385;0,528476814
92   Республика Татарстан (Татарстан) 1012;1,4430546;1,0419252;1,7198834;0,4290221;0,2965692;0,6441235;0,6766667;19,9333333;1,2078618;0,3807908;0,0479963;0,0308038;0,0549936;0,016929106;0,021527592;15,4000000;0,052324061;0,023059304;163,2666667;72,86666667;0,0451248;1,072757056
94   Удмуртская Республика 1012;0,2286828;0,4093859;0,0000000;0,2496965;0,0000000;0,1577019;0,2100000;22,0333333;5,2118312;1,5577452;0,0038590;0,0003217;0,0052986;0,025256588;0,00184456;12,3000000;0,03683318;0;61,4666667;70,46666667;0,0004414;0,732122968
97   Чувашская Республика -Чувашия 1012;0,4481443;0,0000000;7,7042362;0,6287930;0,0000000;0,0000000;0,4700000;27,9000000;0,3667455;0,0867345;0,0076637;0,0016975;0,0100919;0,072400264;0,005181745;15,8666667;5,45133E-05;0,000303911;82,1000000;61,73333333;0,0000875;0,439415704
57   Пермский край 1012;1,3720032;1,6134155;1,0644497;1,0934749;0,0000000;0,7696863;1,0900000;28,9000000;3,7721865;-2,7370115;0,0104881;0,0008744;0,0144009;0,07955065;0,030615704;14,9666667;0,000368887;0,003988743;146,6000000;68,6666667;0,0005578;0,873480052
33   Кировская область 1012;0,6068123;0,0000000;0,0000000;0,2945880;0,0000000;0,3093384;0,4933333;27,8333333;0,5911676;-0,0245913;0,0003368;0,0003284;0,0003402;0,075348171;0,003149183;6,5333333;0,041152381;5,43607E-05;44,6333333;49,8000000;0,0001868;0,46794128
22   Нижегородская область 1012;3,5900371;0,5224544;3,2282051;1,5304905;0,0000000;0,4092443;4,9300000;28,4333333;4,0076273;1,4679470;0,0825960;0,0273560;0,1050785;0,108356811;0,074038024;12,8666667;0,001896317;6,22214E-05;91,2333333;66,6666667;0,0319791;0,775620034
53   Оренбургская область 1012;0,0678248;0,0000000;0,0000000;0,1444101;0,0000000;0,3740837;0,1000000;11,6333333;1,7327360;0,9872401;0,0074047;0,0024797;0,0094092;0,060922079;0,003160781;11,9333333;0;0,00025694;50,5666667;68,6333333;0,0055179;0,831350339
56   Пензенская область 1012;0,8077667;0,0000000;0,0000000;2,0184428;0,0000000;33,2614130;1,6200000;23,8666667;0,8718048;0,3665826;0,0028226;0,0000807;0,0039385;0,238423536;0,008272217;9,2000000;0;6,85401E-05;100,0666667;59,1333333;0,0000142;0,516722653
36   Самарская область 1012;1,4026801;0,3863219;1,0985901;0,7035801;0,0000000;0,5365841;1,8033333;26,9000000;3,2352138;0,0920367;0,0672512;0,0321336;0,0815440;0,069105536;0,051614233;8,3333333;0;0;130,3666667;65,9333333;0,0599719;0,835613953
63   Саратовская область 1012;0,5368151;2,5397087;0,2475257;0,4082655;1,1945147;0,0000000;0,6266667;23,0666667;0,6433394;-0,0138901;0,0058749;0,0032931;0,0069256;0,091452042;0,004136725;5,7333333;0;0,017750936;105,8333333;62,3000000;0,0189836;0,53846674
73   Ульяновская область 1012;1,6591457;0,0000000;0,2475257;0,3450330;0,0000000;0,0000000;3,3133333;28,2000000;1,1148160;0,7463134;0,0055050;0,0160987;0,0011934;0,022283964;0,002290424;5,8666667;0;0;155,0666667;65,1666667;0,0366957;0,545780118
37   Курганская область 1012;0,1941742;0,0000000;0,0000000;0,2082767;0,0000000;0,0000000;0,1800000;24,2333333;0,7564986;0,3092850;0,0010726;0,0001253;0,0014581;0,17238468;0,001936983;10,9666667;4,90223E-05;0;68,9000000;70,8666667;0,0000131;0,446278244
65   Свердловская область 1012;0,6506662;0,2304946;0,7035167;1,8128860;1,7954473;1,1614164;1,1966667;22,5000000;6,8791006;2,2404927;0,0337245;0,0171230;0,0404813;0,083125384;0,026977856;11,5333333;0,000105962;0;108,9666667;75,6666667;0,0327785;0,94628173
71   Тюменская область 1012;0,2667232;0,6857214;0,0556933;0,1895498;0,0000000;0,0000000;0,1900000;7,3000000;12,2713844;2,3208573;0,0161310;0,0000274;0,0226851;0,254649419;0,053711014;7,6666667;0;0,072028167;44,6666667;71,9333333;0,0000000;3,594385703
75   Челябинская область 1012;1,4481430;0,0000000;0,5686127;0,2981720;0,0000000;0,0000000;1,5300000;21,0000000;4,4438025;0,2157008;0,0227516;0,0063054;0,0294451;0,282660691;0,043440772;9,2333333;0,068228791;0;94,1666667;71,3333333;0,0061238;0,736569322
84   Республика Алтай 1012;0,0000000;0,0000000;2,5821427;0,0000000;0,0000000;0,0000000;0,2700000;19,7666667;0,0924589;-1,0544224;0,0000636;0,0000000;0,0000894;0,289394521;1,85695E-06;15,4000000;0;0;9,6333333;64,4333333;0,0000000;0,415700492
93   Республика Тыва 1012;0,0000000;0,0000000;0,0000000;0,0000000;0,0000000;0,0000000;0,5500000;28,3666667;17,2023570;11,0565330;0,0000020;0,0000000;0,0000028;0;0;7,2000000;0;0;5,4000000;35,7666667;0,0000000;0,369100898
95   Республика Хакасия 1012;0,0000000;0,0000000;0,0000000;0,0000000;0,0000000;42,8949279;0,0633333;15,0000000;2,6177176;-1,3283058;0,0002016;0,0000000;0,0002837;0,270908437;2,94877E-05;5,9333333;0;0;2,5333333;75,5333333;0,0000000;0,749085302
01   Алтайский край 1012;0,2934645;0,0000000;0,0000000;0,0866422;0,0000000;0,0000000;0,2966667;19,0666667;1,5289198;0,0296341;0,0033859;0,0014334;0,0041806;0,13352778;0,003754187;9,3333333;0,000469051;0,003209117;74,7666667;51,3333333;0,0064021;0,424400958
04   Красноярский край 1012;0,4201465;0,3189402;0,0000000;0,5141805;0,8843262;0,1940559;0,8033333;14,2333333;3,7943552;1,9810133;0,0036453;0,0003391;0,0049910;0,722892102;0,024725129;8,3000000;0,002242302;0;127,9000000;59,4000000;0,0001256;1,288698278
25   Иркутская область 1012;1,4565338;0,0000000;0,8940561;0,6373583;0,0000000;0,5188903;0,6333333;19,4666667;1,3776442;-1,6236725;0,0021526;0,0005131;0,0028199;0,504362737;0,012377054;6,7000000;0;0,001987951;76,8666667;64,1333333;0,0012645;0,96524136
32   Кемеровская область 1012;0,4000307;0,0000000;0,0000000;0,2699641;0,0000000;0,0000000;0,1266667;15,1666667;3,6718948;-10,5539565;0,0020666;0,0002487;0,0028064;0,041625531;0,000751922;4,7000000;0,00751042;0;78,8333333;76,1000000;0,0001803;0,724989417
50   Новосибирская область 1012;0,8530029;6,4538480;0,0835399;0,2182487;0,2559674;0,0000000;2,3900000;25,4333333;2,4349489;0,7625806;0,0097797;0,0015048;0,0131475;0,065454146;0,00566834;6,7666667;0,004381717;0;167,0333333;59,0333333;0,0008097;0,768941563
52   Омская область 1012;0,0464374;5,1030426;0,0000000;0,3771713;2,0001176;0,3986944;0,6400000;16,4333333;0,6563448;0,0516278;0,0052869;0,0000520;0,0074174;0,106246428;0,00807083;6,5333333;0;0,000910396;99,9000000;55,2666667;0,0000056;0,646538388
69   Томская область 1012;0,9249038;0,0000000;1,1040947;0,5094165;0,0000000;7,3725657;2,1533333;21,8666667;5,1937612;4,0316150;0,0027284;0,0005178;0,0036281;0,322361609;0,007656489;12,4666667;0,01301782;0,005047658;322,2666667;71,8333333;0,0006389;0,942667032
81   Республика Бурятия 1012;1,4898000;0,0000000;0,0000000;5,8592512;0,0000000;5,2041641;0,4066667;24,6666667;0,0556310;0,0288301;0,0000903;0,0000005;0,0001269;0,033387713;6,46609E-05;7,9000000;0;0,000693982;41,8666667;58,3000000;0,0000000;0,43075997
98   Республика Саха (Якутия) 1012;0,4195167;0,0000000;0,6524069;0,1664186;0,0000000;0,0000000;0,4133333;13,0333333;5,9802410;1,5927941;0,0003303;0,0001753;0,0003933;0,190304414;0,001526433;5,5666667;0,001971514;0,000305049;52,2666667;57,3000000;0,0001143;1,84353319
76   Забайкальский край 1012;0,3351731;0,0000000;0,0000000;0,3949654;0,0000000;0,0000000;0,1033333;20,0666667;2,3296677;2,0716288;0,0002102;0,0000000;0,0002958;0,06619603;0,000257146;3,9000000;0;0;28,1666667;42,4666667;0,0000000;0,517690097
30   Камчатский край 1012;0,1922512;0,0000000;0,0000000;0,0288349;0,0000000;0,0000000;0,9966667;18,4000000;0,3712215;-0,5058075;0,0000545;0,0000000;0,0000766;0,900741769;0,000654761;17,7666667;0;0;21,8333333;47,5666667;0,0000000;1,366108881
05   Приморский край 1012;1,3514963;0,0000000;0,0000000;0,2941926;0,0000000;0,5361866;0,8833333;17,1666667;2,8594513;0,3847264;0,0009706;0,0000000;0,0013657;0,01818255;0,000288907;9,1666667;0,038942428;0,011473846;79,4666667;61,3000000;0,0000000;0,859394722
08   Хабаровский край 1012;0,0948935;0,0000000;0,0000000;0,7533323;0,0000000;0,0000000;0,2866667;19,3666667;1,5134131;0,1653310;0,0040268;0,0017396;0,0049577;0,055131876;0,002112224;11,6333333;0;0;87,9000000;72,3000000;0,0015832;0,966444861
10   Амурская область 1012;0,2729813;0,0000000;0,0000000;0,2015408;0,0000000;0,0000000;0,1900000;13,6333333;10,1469392;7,8980831;0,0014371;0,0033379;0,0006635;0,390269291;0,00727666;6,1333333;0;0,00619038;96,8666667;51,7333333;0,0032542;0,701547059
44   Магаданская область 1012;0,3646973;0,0000000;0,0000000;0,0512620;0,0000000;0,0000000;1,1433333;17,0333333;6,9287943;-20,7630705;0,0026275;0,0002898;0,0035789;0,115181789;0,002295307;23,8666667;0;0,020712369;19,4333333;50,7666667;0,0000000;2,052151693
64   Сахалинская область 1012;0,1710994;0,0000000;0,0000000;0,5033000;0,0000000;6,5804719;0,1433333;7,5666667;22,9085649;1,0365856;0,1641264;0,5671745;0,0000877;60,41853872;0,06205139;3,5000000;0;0;13,4333333;60,8333333;0,4537424;3,383092719
99   Еврейская автономная область 1012;0,7886127;0,0000000;0,0000000;7,8430921;0,0000000;0,0000000;0,1833333;13,5333333;4,3114535;0,7228484;0,0000020;0,0000000;0,0000028;9,675211268;1,05795E-05;5,5666667;0;0;5,7666667;54,2666667;0,0000000;0,585891372
77   Чукотский автономный округ 1012;0,0000000;0,0000000;0,0000000;0,0000000;0,0000000;0,0000000;0,0800000;14,1000000;26,9604588;6,2699137;0,0000520;0,0000000;0,0000732;0,0002729;4,10693E-07;13,1000000;0;0;0,0000000;38,8333333;0,0000000;2,768776063